2026-06-25T11:09:11.159985+00:00,10.0,0.0,4.63924,44.367,8.935,425.5832,8.5117,0.0,40.2445,51.4134,combined_t0831_t0856
2026-06-25T11:09:12.072279+00:00,10.0,0.0,4.63924,44.367,8.935,425.5832,8.5117,0.0,40.2445,51.4134,combined_t0831_t0856
2026-06-25T11:09:13.317517+00:00,10.0,0.0,4.63924,44.367,8.935,425.5832,8.5117,0.0,40.2445,51.4134,combined_t0831_t0856
2026-06-25T11:09:14.146940+00:00,10.0,0.0,4.63924,44.367,8.935,0.0,8.5063,0.0,40.2887,51.4198,combined_t0831_t0856
2026-06-25T11:09:15.381332+00:00,10.0,0.0,4.63924,44.367,8.935,0.0,8.5063,0.0,40.2887,51.4198,combined_t0831_t0856
2026-06-25T11:09:16.409687+00:00,10.0,0.0,4.63924,44.367,8.935,425.3127,8.5063,0.0,40.2887,51.4198,combined_t0831_t0856
2026-06-25T11:09:17.197490+00:00,10.0,0.0,4.63924,44.367,8.935,425.3127,8.5063,0.0,40.2887,51.4198,combined_t0831_t0856
2026-06-25T11:09:18.357281+00:00,10.0,0.0,4.63924,44.367,8.935,425.3127,8.5063,0.0,40.2887,51.4198,combined_t0831_t0856
2026-06-25T11:09:19.614642+00:00,10.0,0.0,4.63924,44.367,8.935,425.3127,8.5063,0.0,40.2887,51.4198,combined_t0831_t0856
2026-06-25T11:09:20.888821+00:00,10.0,0.0,4.63924,44.367,8.935,0.0,8.5298,0.0,40.2537,51.4133,combined_t0831_t0856
2026-06-25T11:09:22.104810+00:00,10.0,0.0,4.63924,44.367,8.935,0.0,8.5298,0.0,40.2537,51.4133,combined_t0831_t0856
2026-06-25T11:09:22.952615+00:00,10.0,0.0,4.63924,44.367,8.935,0.0,8.5298,0.0,40.2537,51.4133,combined_t0831_t0856
2026-06-25T11:09:24.223324+00:00,10.0,0.0,4.63924,44.367,8.935,0.0,8.5298,0.0,40.2537,51.4133,combined_t0831_t0856
2026-06-25T11:09:25.627416+00:00,10.0,0.0,4.63924,44.367,8.935,0.0,8.5298,0.0,40.2537,51.4133,combined_t0831_t0856
2026-06-25T11:09:26.891819+00:00,10.0,0.0,4.63924,44.367,8.935,0.0,8.5298,0.0,40.2537,51.4133,combined_t0831_t0856
2026-06-25T11:09:27.830689+00:00,10.0,0.0,4.63924,44.367,8.935,426.4899,8.5298,0.0,40.2537,51.4133,combined_t0831_t0856
2026-06-25T11:09:28.952146+00:00,10.0,0.0,4.63924,44.367,8.935,426.4899,8.5298,0.0,40.2537,51.4133,combined_t0831_t0856
2026-06-25T11:09:29.676323+00:00,10.0,0.0,4.63924,44.367,8.935,426.4899,8.5298,0.0,40.2537,51.4133,combined_t0831_t0856
2026-06-25T11:09:31.320996+00:00,10.0,0.0,4.63924,44.367,8.935,426.4899,8.5298,0.0,40.2537,51.4133,combined_t0831_t0856
2026-06-25T11:09:32.449935+00:00,10.0,0.0,4.63924,44.367,8.935,426.4899,8.5298,0.0,40.2537,51.4133,combined_t0831_t0856
2026-06-25T11:09:33.499708+00:00,10.0,0.0,4.63924,44.367,8.935,0.0,8.4995,0.0,40.1372,51.4196,combined_t0831_t0856
2026-06-25T11:09:34.809552+00:00,10.0,0.0,4.63924,44.367,8.935,0.0,8.4995,0.0,40.1372,51.4196,combined_t0831_t0856
2026-06-25T11:09:35.667066+00:00,10.0,0.0,4.63924,44.367,8.935,424.9731,8.4995,0.0,40.1372,51.4196,combined_t0831_t0856
2026-06-25T11:09:36.857562+00:00,10.0,0.0,4.63924,44.367,8.935,424.9731,8.4995,0.0,40.1372,51.4196,combined_t0831_t0856
2026-06-25T11:09:37.851209+00:00,10.0,0.0,4.63924,44.367,8.935,424.9731,8.4995,0.0,40.1372,51.4196,combined_t0831_t0856
2026-06-25T11:09:38.670307+00:00,10.0,0.0,4.63924,44.367,8.935,424.9731,8.4995,0.0,40.1372,51.4196,combined_t0831_t0856
2026-06-25T11:09:39.729461+00:00,10.0,0.0,4.63924,44.367,8.935,424.9731,8.4995,0.0,40.1372,51.4196,combined_t0831_t0856
2026-06-25T11:09:40.803144+00:00,10.0,0.0,4.63924,44.367,8.935,424.9731,8.4995,0.0,40.1372,51.4196,combined_t0831_t0856
2026-06-25T11:09:41.970019+00:00,10.0,0.0,4.63924,44.367,8.935,424.9731,8.4995,0.0,40.1372,51.4196,combined_t0831_t0856
2026-06-25T11:09:43.086786+00:00,10.0,0.0,4.63924,44.367,8.935,424.9731,8.4995,0.0,40.1372,51.4196,combined_t0831_t0856
2026-06-25T11:09:44.030429+00:00,10.0,0.0,4.63924,44.367,8.935,424.9731,8.4995,0.0,40.1372,51.4196,combined_t0831_t0856
2026-06-25T11:09:45.207118+00:00,10.0,0.0,4.63924,44.367,8.935,424.9731,8.4995,0.0,40.1372,51.4196,combined_t0831_t0856
2026-06-25T11:09:45.983128+00:00,10.0,0.0,4.63924,44.367,8.935,0.0,8.5234,0.0,40.2005,51.4132,combined_t0831_t0856
2026-06-25T11:09:47.080696+00:00,10.0,0.0,4.63924,44.367,8.935,0.0,8.5234,0.0,40.2005,51.4132,combined_t0831_t0856
2026-06-25T11:09:48.569794+00:00,10.0,0.0,4.63924,44.367,8.935,426.1694,8.5234,0.0,40.2005,51.4132,combined_t0831_t0856
2026-06-25T11:09:49.428541+00:00,10.0,0.0,4.63924,44.367,8.935,426.1694,8.5234,0.0,40.2005,51.4132,combined_t0831_t0856
2026-06-25T11:09:50.723989+00:00,10.0,0.0,4.63924,44.367,8.935,426.1694,8.5234,0.0,40.2005,51.4132,combined_t0831_t0856
2026-06-25T11:09:51.739473+00:00,10.0,0.0,4.63924,44.367,8.935,426.1694,8.5234,0.0,40.2005,51.4132,combined_t0831_t0856
2026-06-25T11:09:52.939319+00:00,10.0,0.0,4.63924,44.367,8.935,426.1694,8.5234,0.0,40.2005,51.4132,combined_t0831_t0856
2026-06-25T11:09:53.919718+00:00,10.0,0.0,4.63924,44.367,8.935,426.1694,8.5234,0.0,40.2005,51.4132,combined_t0831_t0856
2026-06-25T11:09:55.231246+00:00,10.0,0.0,4.63924,44.367,8.935,426.1694,8.5234,0.0,40.2005,51.4132,combined_t0831_t0856
2026-06-25T11:09:56.538289+00:00,10.0,0.0,4.63924,44.367,8.935,426.1694,8.5234,0.0,40.2005,51.4132,combined_t0831_t0856
2026-06-25T11:09:57.655013+00:00,10.0,0.0,4.63924,44.367,8.935,426.1694,8.5234,0.0,40.2005,51.4132,combined_t0831_t0856
2026-06-25T11:09:58.595041+00:00,10.0,0.0,4.63924,44.367,8.935,0.0,8.4887,0.0,40.0211,51.4187,combined_t0831_t0856
2026-06-25T11:09:59.667452+00:00,10.0,0.0,4.63924,44.367,8.935,424.4374,8.4887,0.0,40.0211,51.4187,combined_t0831_t0856
2026-06-25T11:10:00.862315+00:00,10.0,0.0,4.63924,44.367,8.935,424.4374,8.4887,0.0,40.0211,51.4187,combined_t0831_t0856
2026-06-25T11:10:02.628912+00:00,10.0,0.0,4.63924,44.367,8.935,424.4374,8.4887,0.0,40.0211,51.4187,combined_t0831_t0856
2026-06-25T11:10:04.190477+00:00,10.0,0.0,4.63924,44.367,8.935,424.4374,8.4887,0.0,40.0211,51.4187,combined_t0831_t0856
2026-06-25T11:10:05.520147+00:00,10.0,0.0,4.63924,44.367,8.935,424.4374,8.4887,0.0,40.0211,51.4187,combined_t0831_t0856
2026-06-25T11:10:06.759435+00:00,10.0,0.0,4.63924,44.367,8.935,424.4374,8.4887,0.0,40.0211,51.4187,combined_t0831_t0856
2026-06-25T11:10:07.889590+00:00,10.0,0.0,4.63924,44.367,8.935,424.4374,8.4887,0.0,40.0211,51.4187,combined_t0831_t0856
2026-06-25T11:10:09.358840+00:00,10.0,0.0,4.63924,44.367,8.935,424.4374,8.4887,0.0,40.0211,51.4187,combined_t0831_t0856
2026-06-25T11:10:10.503626+00:00,10.0,0.0,4.63924,44.367,8.935,424.4374,8.4887,0.0,40.0211,51.4187,combined_t0831_t0856
2026-06-25T11:10:11.358218+00:00,10.0,0.0,4.63924,44.367,8.935,424.4374,8.4887,0.0,40.0211,51.4187,combined_t0831_t0856
2026-06-25T11:10:12.635122+00:00,10.0,0.0,4.63924,44.367,8.935,424.4374,8.4887,0.0,40.0211,51.4187,combined_t0831_t0856
2026-06-25T11:10:14.370076+00:00,10.0,0.0,4.63924,44.367,8.935,0.0,,,,,combined_t0831_t0856
2026-06-25T11:10:15.596294+00:00,10.0,0.0,4.63924,44.367,8.935,0.0,,,,,combined_t0831_t0856
2026-06-25T11:10:16.976071+00:00,10.0,0.0,4.63924,44.367,8.935,0.0,,,,,combined_t0831_t0856
2026-06-25T11:10:18.054066+00:00,10.0,0.0,4.63924,44.367,8.935,427.3372,8.5467,0.0,40.3165,51.4141,combined_t0831_t0856
2026-06-25T11:10:19.108297+00:00,10.0,0.0,4.63924,44.367,8.935,427.3372,8.5467,0.0,40.3165,51.4141,combined_t0831_t0856
2026-06-25T11:10:20.319588+00:00,10.0,0.0,4.63924,44.367,8.935,427.3372,8.5467,0.0,40.3165,51.4141,combined_t0831_t0856
2026-06-25T11:10:21.497845+00:00,10.0,0.0,4.63924,44.367,8.935,427.3372,8.5467,0.0,40.3165,51.4141,combined_t0831_t0856
2026-06-25T11:10:22.681104+00:00,10.0,0.0,4.63924,44.367,8.935,427.3372,8.5467,0.0,40.3165,51.4141,combined_t0831_t0856
2026-06-25T11:10:23.709860+00:00,10.0,0.0,4.63924,44.367,8.935,427.3372,8.5467,0.0,40.3165,51.4141,combined_t0831_t0856
2026-06-25T11:10:24.777393+00:00,10.0,0.0,4.63924,44.367,8.935,427.3372,8.5467,0.0,40.3165,51.4141,combined_t0831_t0856
2026-06-25T11:10:25.922216+00:00,10.0,0.0,4.63924,44.367,8.935,427.3372,8.5467,0.0,40.3165,51.4141,combined_t0831_t0856
2026-06-25T11:10:26.703132+00:00,10.0,0.0,4.63924,44.367,8.935,0.0,8.5093,0.0,40.1586,51.4185,combined_t0831_t0856
2026-06-25T11:10:28.103801+00:00,10.0,0.0,4.63924,44.367,8.935,0.0,8.5093,0.0,40.1586,51.4185,combined_t0831_t0856
2026-06-25T11:10:28.978426+00:00,10.0,0.0,4.63924,44.367,8.935,0.0,8.5093,0.0,40.1586,51.4185,combined_t0831_t0856
2026-06-25T11:10:30.381782+00:00,10.0,0.0,4.63924,44.367,8.935,0.0,8.5093,0.0,40.1586,51.4185,combined_t0831_t0856
2026-06-25T11:10:31.530997+00:00,10.0,0.0,4.63924,44.367,8.935,0.0,8.5093,0.0,40.1586,51.4185,combined_t0831_t0856
2026-06-25T11:10:32.688708+00:00,10.0,0.0,4.63924,44.367,8.935,425.4629,8.5093,0.0,40.1586,51.4185,combined_t0831_t0856
2026-06-25T11:10:33.612406+00:00,10.0,0.0,4.63924,44.367,8.935,425.4629,8.5093,0.0,40.1586,51.4185,combined_t0831_t0856
2026-06-25T11:10:34.716387+00:00,10.0,0.0,4.63924,44.367,8.935,425.4629,8.5093,0.0,40.1586,51.4185,combined_t0831_t0856
2026-06-25T11:10:35.923473+00:00,10.0,0.0,4.63924,44.367,8.935,425.4629,8.5093,0.0,40.1586,51.4185,combined_t0831_t0856
2026-06-25T11:10:37.088128+00:00,10.0,0.0,4.63924,44.367,8.935,425.4629,8.5093,0.0,40.1586,51.4185,combined_t0831_t0856
2026-06-25T11:10:38.136615+00:00,10.0,0.0,4.63924,44.367,8.935,0.0,,,,,combined_t0831_t0856
2026-06-25T11:10:39.230036+00:00,10.0,0.0,4.63924,44.367,8.935,0.0,,,,,combined_t0831_t0856
2026-06-25T11:10:39.996900+00:00,10.0,0.0,4.63924,44.367,8.935,,,,,,combined_t0831_t0856
2026-06-25T11:10:41.470433+00:00,10.0,0.0,4.63924,44.367,8.935,,,,,,combined_t0831_t0856
2026-06-25T11:10:42.826332+00:00,10.0,0.0,4.63924,44.367,8.935,,,,,,combined_t0831_t0856
2026-06-25T11:10:44.118730+00:00,10.0,0.0,4.63924,44.367,8.935,424.1852,8.4837,0.0,40.3529,51.4142,combined_t0831_t0856
2026-06-25T11:10:45.185628+00:00,10.0,0.0,4.63924,44.367,8.935,424.1852,8.4837,0.0,40.3529,51.4142,combined_t0831_t0856
2026-06-25T11:10:46.336357+00:00,10.0,0.0,4.63924,44.367,8.935,424.1852,8.4837,0.0,40.3529,51.4142,combined_t0831_t0856
2026-06-25T11:10:47.210695+00:00,10.0,0.0,4.63924,44.367,8.935,424.1852,8.4837,0.0,40.3529,51.4142,combined_t0831_t0856
2026-06-25T11:10:48.474136+00:00,10.0,0.0,4.63924,44.367,8.935,424.1852,8.4837,0.0,40.3529,51.4142,combined_t0831_t0856
2026-06-25T11:10:49.608068+00:00,10.0,0.0,4.63924,44.367,8.935,424.1852,8.4837,0.0,40.3529,51.4142,combined_t0831_t0856
2026-06-25T11:10:50.424771+00:00,10.0,0.0,4.63924,44.367,8.935,424.1852,8.4837,0.0,40.3529,51.4142,combined_t0831_t0856
2026-06-25T11:10:52.179070+00:00,10.0,0.0,4.63924,44.367,8.935,0.0,8.5114,0.0,40.2077,51.4183,combined_t0831_t0856
2026-06-25T11:10:53.104579+00:00,10.0,0.0,4.63924,44.367,8.935,0.0,8.5114,0.0,40.2077,51.4183,combined_t0831_t0856
2026-06-25T11:10:54.691531+00:00,10.0,0.0,4.63924,44.367,8.935,0.0,8.5114,0.0,40.2077,51.4183,combined_t0831_t0856
2026-06-25T11:10:55.962203+00:00,10.0,0.0,4.63924,44.367,8.935,0.0,8.5114,0.0,40.2077,51.4183,combined_t0831_t0856
2026-06-25T11:10:57.204634+00:00,10.0,0.0,4.63924,44.367,8.935,425.5703,8.5114,0.0,40.2077,51.4183,combined_t0831_t0856
2026-06-25T11:10:58.304895+00:00,10.0,0.0,4.63924,44.367,8.935,425.5703,8.5114,0.0,40.2077,51.4183,combined_t0831_t0856
2026-06-25T11:10:59.567886+00:00,10.0,0.0,4.63924,44.367,8.935,425.5703,8.5114,0.0,40.2077,51.4183,combined_t0831_t0856
2026-06-25T11:11:00.908449+00:00,10.0,0.0,4.63924,44.367,8.935,425.5703,8.5114,0.0,40.2077,51.4183,combined_t0831_t0856
2026-06-25T11:11:01.897430+00:00,10.0,0.0,4.63924,44.367,8.935,0.0,8.5067,0.0,40.2321,51.4142,combined_t0831_t0856
2026-06-25T11:11:03.325324+00:00,10.0,0.0,4.63924,44.367,8.935,0.0,8.5067,0.0,40.2321,51.4142,combined_t0831_t0856
2026-06-25T11:11:04.444011+00:00,10.0,0.0,4.63924,44.367,8.935,0.0,8.5067,0.0,40.2321,51.4142,combined_t0831_t0856
2026-06-25T11:11:05.762379+00:00,10.0,0.0,4.63924,44.367,8.935,0.0,8.5067,0.0,40.2321,51.4142,combined_t0831_t0856
2026-06-25T11:11:06.938361+00:00,10.0,0.0,4.63924,44.367,8.935,425.3354,8.5067,0.0,40.2321,51.4142,combined_t0831_t0856
2026-06-25T11:11:08.011760+00:00,10.0,0.0,4.63924,44.367,8.935,425.3354,8.5067,0.0,40.2321,51.4142,combined_t0831_t0856
2026-06-25T11:11:08.803062+00:00,10.0,0.0,4.63924,44.367,8.935,425.3354,8.5067,0.0,40.2321,51.4142,combined_t0831_t0856
2026-06-25T11:11:09.876470+00:00,10.0,0.0,4.63924,44.367,8.935,425.3354,8.5067,0.0,40.2321,51.4142,combined_t0831_t0856
2026-06-25T11:11:11.178744+00:00,10.0,0.0,4.63924,44.367,8.935,0.0,8.4988,0.0,40.1114,51.4177,combined_t0831_t0856
2026-06-25T11:11:12.218774+00:00,10.0,0.0,4.63924,44.367,8.935,0.0,8.4988,0.0,40.1114,51.4177,combined_t0831_t0856
2026-06-25T11:11:13.048883+00:00,10.0,0.0,4.63924,44.367,8.935,0.0,8.4988,0.0,40.1114,51.4177,combined_t0831_t0856
2026-06-25T11:11:14.202825+00:00,10.0,0.0,4.63924,44.367,8.935,424.9388,8.4988,0.0,40.1114,51.4177,combined_t0831_t0856
2026-06-25T11:11:15.284663+00:00,10.0,0.0,4.63924,44.367,8.935,424.9388,8.4988,0.0,40.1114,51.4177,combined_t0831_t0856
2026-06-25T11:11:16.764015+00:00,10.0,0.0,4.63924,44.367,8.935,424.9388,8.4988,0.0,40.1114,51.4177,combined_t0831_t0856
2026-06-25T11:11:18.148266+00:00,10.0,0.0,4.63924,44.367,8.935,424.9388,8.4988,0.0,40.1114,51.4177,combined_t0831_t0856
2026-06-25T11:11:19.217301+00:00,10.0,0.0,4.63924,44.367,8.935,424.9388,8.4988,0.0,40.1114,51.4177,combined_t0831_t0856
2026-06-25T11:11:20.138023+00:00,10.0,0.0,4.63924,44.367,8.935,424.9388,8.4988,0.0,40.1114,51.4177,combined_t0831_t0856
2026-06-25T11:11:20.917135+00:00,10.0,0.0,4.63924,44.367,8.935,0.0,8.5022,0.0,40.2093,51.4142,combined_t0831_t0856
2026-06-25T11:11:22.563020+00:00,10.0,0.0,4.63924,44.367,8.935,0.0,8.5022,0.0,40.2093,51.4142,combined_t0831_t0856
2026-06-25T11:11:23.434890+00:00,10.0,0.0,4.63924,44.367,8.935,0.0,8.5022,0.0,40.2093,51.4142,combined_t0831_t0856
2026-06-25T11:11:24.722625+00:00,10.0,0.0,4.63924,44.367,8.935,0.0,8.5022,0.0,40.2093,51.4142,combined_t0831_t0856
2026-06-25T11:11:25.659391+00:00,10.0,0.0,4.63924,44.367,8.935,0.0,8.5022,0.0,40.2093,51.4142,combined_t0831_t0856
2026-06-25T11:11:27.135985+00:00,10.0,0.0,4.63924,44.367,8.935,0.0,8.5022,0.0,40.2093,51.4142,combined_t0831_t0856
2026-06-25T11:11:28.780098+00:00,10.0,0.0,4.63924,44.367,8.935,425.1107,8.5022,0.0,40.2093,51.4142,combined_t0831_t0856
2026-06-25T11:11:30.491622+00:00,10.0,0.0,4.63924,44.367,8.935,0.0,8.5317,0.0,40.209,51.4142,combined_t0831_t0856
2026-06-25T11:11:31.754757+00:00,10.0,0.0,4.63924,44.367,8.935,0.0,8.5317,0.0,40.209,51.4142,combined_t0831_t0856
2026-06-25T11:11:33.570582+00:00,10.0,0.0,4.63924,44.367,8.935,426.5843,8.5317,0.0,40.209,51.4142,combined_t0831_t0856
2026-06-25T11:11:34.530968+00:00,10.0,0.0,4.63924,44.367,8.935,426.5843,8.5317,0.0,40.209,51.4142,combined_t0831_t0856
2026-06-25T11:11:35.672109+00:00,10.0,0.0,4.63924,44.367,8.935,426.5843,8.5317,0.0,40.209,51.4142,combined_t0831_t0856
2026-06-25T11:11:36.735350+00:00,10.0,0.0,4.63924,44.367,8.935,426.5843,8.5317,0.0,40.209,51.4142,combined_t0831_t0856
2026-06-25T11:11:37.828460+00:00,10.0,0.0,4.63924,44.367,8.935,426.5843,8.5317,0.0,40.209,51.4142,combined_t0831_t0856
2026-06-25T11:11:39.176140+00:00,10.0,0.0,4.63924,44.367,8.935,426.5843,8.5317,0.0,40.209,51.4142,combined_t0831_t0856
2026-06-25T11:11:40.771819+00:00,10.0,0.0,4.63924,44.367,8.935,426.5843,8.5317,0.0,40.209,51.4142,combined_t0831_t0856
2026-06-25T11:11:41.871789+00:00,10.0,0.0,4.63924,44.367,8.935,426.5843,8.5317,0.0,40.209,51.4142,combined_t0831_t0856
2026-06-25T11:11:43.131791+00:00,10.0,0.0,4.63924,44.367,8.935,425.094,8.5019,0.0,40.1473,51.418,combined_t0831_t0856
2026-06-25T11:11:44.253363+00:00,10.0,0.0,4.63924,44.367,8.935,425.094,8.5019,0.0,40.1473,51.418,combined_t0831_t0856
2026-06-25T11:11:45.210131+00:00,10.0,0.0,4.63924,44.367,8.935,425.094,8.5019,0.0,40.1473,51.418,combined_t0831_t0856
2026-06-25T11:11:46.252703+00:00,10.0,0.0,4.63924,44.367,8.935,425.094,8.5019,0.0,40.1473,51.418,combined_t0831_t0856
2026-06-25T11:11:47.208179+00:00,10.0,0.0,4.63924,44.367,8.935,425.094,8.5019,0.0,40.1473,51.418,combined_t0831_t0856
2026-06-25T11:11:48.155487+00:00,10.0,0.0,4.63924,44.367,8.935,425.094,8.5019,0.0,40.1473,51.418,combined_t0831_t0856
2026-06-25T11:11:49.334936+00:00,10.0,0.0,4.63924,44.367,8.935,425.094,8.5019,0.0,40.1473,51.418,combined_t0831_t0856
2026-06-25T11:11:50.634326+00:00,10.0,0.0,4.63924,44.367,8.935,0.0,8.4821,0.0,40.3592,51.4146,combined_t0831_t0856
2026-06-25T11:11:51.839048+00:00,10.0,0.0,4.63924,44.367,8.935,0.0,8.4821,0.0,40.3592,51.4146,combined_t0831_t0856
2026-06-25T11:11:52.985226+00:00,10.0,0.0,4.63924,44.367,8.935,0.0,8.4821,0.0,40.3592,51.4146,combined_t0831_t0856
2026-06-25T11:11:53.998640+00:00,10.0,0.0,4.63924,44.367,8.935,424.1051,8.4821,0.0,40.3592,51.4146,combined_t0831_t0856
2026-06-25T11:11:55.125271+00:00,10.0,0.0,4.63924,44.367,8.935,0.0,8.4831,0.0,40.2245,51.4146,combined_t0831_t0856
2026-06-25T11:11:56.307909+00:00,10.0,0.0,4.63924,44.367,8.935,0.0,8.4831,0.0,40.2245,51.4146,combined_t0831_t0856
2026-06-25T11:11:57.382672+00:00,10.0,0.0,4.63924,44.367,8.935,0.0,8.4831,0.0,40.2245,51.4146,combined_t0831_t0856
2026-06-25T11:11:58.384309+00:00,10.0,0.0,4.63924,44.367,8.935,424.1558,8.4831,0.0,40.2245,51.4146,combined_t0831_t0856
2026-06-25T11:11:59.281908+00:00,10.0,0.0,4.63924,44.367,8.935,424.1558,8.4831,0.0,40.2245,51.4146,combined_t0831_t0856
2026-06-25T11:12:00.313351+00:00,10.0,0.0,4.63924,44.367,8.935,424.1558,8.4831,0.0,40.2245,51.4146,combined_t0831_t0856
2026-06-25T11:12:01.220822+00:00,10.0,0.0,4.63924,44.367,8.935,424.1558,8.4831,0.0,40.2245,51.4146,combined_t0831_t0856
2026-06-25T11:12:03.267778+00:00,10.0,0.0,4.63924,44.367,8.935,424.1558,8.4831,0.0,40.2245,51.4146,combined_t0831_t0856
2026-06-25T11:12:04.382337+00:00,10.0,0.0,4.63924,44.367,8.935,424.1558,8.4831,0.0,40.2245,51.4146,combined_t0831_t0856
2026-06-25T11:12:05.313694+00:00,10.0,0.0,4.63924,44.367,8.935,424.1558,8.4831,0.0,40.2245,51.4146,combined_t0831_t0856
2026-06-25T11:12:06.392054+00:00,10.0,0.0,4.63924,44.367,8.935,424.1558,8.4831,0.0,40.2245,51.4146,combined_t0831_t0856
2026-06-25T11:12:07.087789+00:00,10.0,0.0,4.63924,44.367,8.935,0.0,8.5134,0.0,40.1722,51.418,combined_t0831_t0856
2026-06-25T11:12:08.605642+00:00,10.0,0.0,4.63924,44.367,8.935,425.6711,8.5134,0.0,40.1722,51.418,combined_t0831_t0856
2026-06-25T11:12:09.375973+00:00,10.0,0.0,4.63924,44.367,8.935,425.6711,8.5134,0.0,40.1722,51.418,combined_t0831_t0856
2026-06-25T11:12:10.452320+00:00,10.0,0.0,4.63924,44.367,8.935,425.6711,8.5134,0.0,40.1722,51.418,combined_t0831_t0856
2026-06-25T11:12:11.513394+00:00,10.0,0.0,4.63924,44.367,8.935,425.6711,8.5134,0.0,40.1722,51.418,combined_t0831_t0856
2026-06-25T11:12:12.744060+00:00,10.0,0.0,4.63924,44.367,8.935,425.6711,8.5134,0.0,40.1722,51.418,combined_t0831_t0856
2026-06-25T11:12:13.732227+00:00,10.0,0.0,4.63924,44.367,8.935,0.0,8.4541,0.0,40.3429,51.4149,combined_t0831_t0856
2026-06-25T11:12:14.672468+00:00,10.0,0.0,4.63924,44.367,8.935,0.0,8.4541,0.0,40.3429,51.4149,combined_t0831_t0856
2026-06-25T11:12:16.149062+00:00,10.0,0.0,4.63924,44.367,8.935,0.0,8.4541,0.0,40.3429,51.4149,combined_t0831_t0856
2026-06-25T11:12:17.718591+00:00,10.0,0.0,4.63924,44.367,8.935,0.0,8.4541,0.0,40.3429,51.4149,combined_t0831_t0856
2026-06-25T11:12:18.847923+00:00,10.0,0.0,4.63924,44.367,8.935,0.0,8.4541,0.0,40.3429,51.4149,combined_t0831_t0856
2026-06-25T11:12:19.863533+00:00,10.0,0.0,4.63924,44.367,8.935,0.0,8.4541,0.0,40.3429,51.4149,combined_t0831_t0856
2026-06-25T11:12:21.334627+00:00,10.0,0.0,4.63924,44.367,8.935,422.7048,8.4541,0.0,40.3429,51.4149,combined_t0831_t0856
2026-06-25T11:12:22.608343+00:00,10.0,0.0,4.63924,44.367,8.935,422.7048,8.4541,0.0,40.3429,51.4149,combined_t0831_t0856
2026-06-25T11:12:23.700249+00:00,10.0,0.0,4.63924,44.367,8.935,422.7048,8.4541,0.0,40.3429,51.4149,combined_t0831_t0856
2026-06-25T11:12:24.674017+00:00,10.0,0.0,4.63924,44.367,8.935,422.7048,8.4541,0.0,40.3429,51.4149,combined_t0831_t0856
2026-06-25T11:12:25.606743+00:00,10.0,0.0,4.63924,44.367,8.935,422.7048,8.4541,0.0,40.3429,51.4149,combined_t0831_t0856
2026-06-25T11:12:26.905514+00:00,10.0,0.0,4.63924,44.367,8.935,0.0,8.4522,0.0,40.2433,51.415,combined_t0831_t0856
2026-06-25T11:12:27.826046+00:00,10.0,0.0,4.63924,44.367,8.935,422.61,8.4522,0.0,40.2433,51.415,combined_t0831_t0856
2026-06-25T11:12:29.015992+00:00,10.0,0.0,4.63924,44.367,8.935,422.61,8.4522,0.0,40.2433,51.415,combined_t0831_t0856
2026-06-25T11:12:30.243651+00:00,10.0,0.0,4.63924,44.367,8.935,422.61,8.4522,0.0,40.2433,51.415,combined_t0831_t0856
2026-06-25T11:12:31.280578+00:00,10.0,0.0,4.63924,44.367,8.935,422.61,8.4522,0.0,40.2433,51.415,combined_t0831_t0856
2026-06-25T11:12:32.499281+00:00,10.0,0.0,4.63924,44.367,8.935,422.61,8.4522,0.0,40.2433,51.415,combined_t0831_t0856
2026-06-25T11:12:33.411971+00:00,10.0,0.0,4.63924,44.367,8.935,0.0,8.481,0.0,40.2863,51.4182,combined_t0831_t0856
2026-06-25T11:12:34.598874+00:00,10.0,0.0,4.63924,44.367,8.935,0.0,8.481,0.0,40.2863,51.4182,combined_t0831_t0856
2026-06-25T11:12:35.681401+00:00,10.0,0.0,4.63924,44.367,8.935,424.0501,8.481,0.0,40.2863,51.4182,combined_t0831_t0856
2026-06-25T11:12:36.690706+00:00,10.0,0.0,4.63924,44.367,8.935,424.0501,8.481,0.0,40.2863,51.4182,combined_t0831_t0856
2026-06-25T11:12:37.650697+00:00,10.0,0.0,4.63924,44.367,8.935,424.0501,8.481,0.0,40.2863,51.4182,combined_t0831_t0856
2026-06-25T11:12:38.429794+00:00,10.0,0.0,4.63924,44.367,8.935,424.0501,8.481,0.0,40.2863,51.4182,combined_t0831_t0856
2026-06-25T11:12:39.802416+00:00,10.0,0.0,4.63924,44.367,8.935,424.0501,8.481,0.0,40.2863,51.4182,combined_t0831_t0856
2026-06-25T11:12:40.726658+00:00,10.0,0.0,4.63924,44.367,8.935,424.0501,8.481,0.0,40.2863,51.4182,combined_t0831_t0856
2026-06-25T11:12:41.817324+00:00,10.0,0.0,4.63924,44.367,8.935,424.0501,8.481,0.0,40.2863,51.4182,combined_t0831_t0856
2026-06-25T11:12:42.844230+00:00,10.0,0.0,4.63924,44.367,8.935,0.0,8.5178,0.0,40.3119,51.415,combined_t0831_t0856
2026-06-25T11:12:43.626470+00:00,10.0,0.0,4.63924,44.367,8.935,0.0,8.5178,0.0,40.3119,51.415,combined_t0831_t0856
2026-06-25T11:12:44.660786+00:00,10.0,0.0,4.63924,44.367,8.935,425.8876,8.5178,0.0,40.3119,51.415,combined_t0831_t0856
2026-06-25T11:12:45.874629+00:00,10.0,0.0,4.63924,44.367,8.935,425.8876,8.5178,0.0,40.3119,51.415,combined_t0831_t0856
2026-06-25T11:12:46.718276+00:00,10.0,0.0,4.63924,44.367,8.935,425.8876,8.5178,0.0,40.3119,51.415,combined_t0831_t0856
2026-06-25T11:12:47.835074+00:00,10.0,0.0,4.63924,44.367,8.935,425.8876,8.5178,0.0,40.3119,51.415,combined_t0831_t0856
2026-06-25T11:12:48.720941+00:00,10.0,0.0,4.63924,44.367,8.935,425.8876,8.5178,0.0,40.3119,51.415,combined_t0831_t0856
2026-06-25T11:12:49.728988+00:00,10.0,0.0,4.63924,44.367,8.935,425.8876,8.5178,0.0,40.3119,51.415,combined_t0831_t0856
2026-06-25T11:12:50.638220+00:00,10.0,0.0,4.63924,44.367,8.935,0.0,8.4222,0.0,40.1931,51.4182,combined_t0831_t0856
2026-06-25T11:12:51.686027+00:00,10.0,0.0,4.63924,44.367,8.935,421.1107,8.4222,0.0,40.1931,51.4182,combined_t0831_t0856
2026-06-25T11:12:52.908308+00:00,10.0,0.0,4.63924,44.367,8.935,421.1107,8.4222,0.0,40.1931,51.4182,combined_t0831_t0856
2026-06-25T11:12:53.835987+00:00,10.0,0.0,4.63924,44.367,8.935,421.1107,8.4222,0.0,40.1931,51.4182,combined_t0831_t0856
2026-06-25T11:12:54.911511+00:00,10.0,0.0,4.63924,44.367,8.935,421.1107,8.4222,0.0,40.1931,51.4182,combined_t0831_t0856
2026-06-25T11:12:55.943041+00:00,10.0,0.0,4.63924,44.367,8.935,421.1107,8.4222,0.0,40.1931,51.4182,combined_t0831_t0856
2026-06-25T11:12:56.918918+00:00,10.0,0.0,4.63924,44.367,8.935,0.0,8.4992,0.0,40.1602,51.415,combined_t0831_t0856
2026-06-25T11:12:57.837548+00:00,10.0,0.0,4.63924,44.367,8.935,0.0,8.4992,0.0,40.1602,51.415,combined_t0831_t0856
2026-06-25T11:12:58.804106+00:00,10.0,0.0,4.63924,44.367,8.935,0.0,8.4992,0.0,40.1602,51.415,combined_t0831_t0856
2026-06-25T11:12:59.670799+00:00,10.0,0.0,4.63924,44.367,8.935,424.9617,8.4992,0.0,40.1602,51.415,combined_t0831_t0856
2026-06-25T11:13:00.846339+00:00,10.0,0.0,4.63924,44.367,8.935,424.9617,8.4992,0.0,40.1602,51.415,combined_t0831_t0856
2026-06-25T11:13:02.061722+00:00,10.0,0.0,4.63924,44.367,8.935,0.0,8.4916,0.0,40.1384,51.4148,combined_t0831_t0856
2026-06-25T11:13:03.019744+00:00,10.0,0.0,4.63924,44.367,8.935,0.0,8.4916,0.0,40.1384,51.4148,combined_t0831_t0856
2026-06-25T11:13:03.997017+00:00,10.0,0.0,4.63924,44.367,8.935,0.0,8.4916,0.0,40.1384,51.4148,combined_t0831_t0856
2026-06-25T11:13:04.828743+00:00,10.0,0.0,4.63924,44.367,8.935,424.5807,8.4916,0.0,40.1384,51.4148,combined_t0831_t0856
2026-06-25T11:13:06.317048+00:00,10.0,0.0,4.63924,44.367,8.935,424.5807,8.4916,0.0,40.1384,51.4148,combined_t0831_t0856
2026-06-25T11:13:07.574238+00:00,10.0,0.0,4.63924,44.367,8.935,424.5807,8.4916,0.0,40.1384,51.4148,combined_t0831_t0856
2026-06-25T11:13:08.263101+00:00,10.0,0.0,4.63924,44.367,8.935,424.5807,8.4916,0.0,40.1384,51.4148,combined_t0831_t0856
2026-06-25T11:13:09.475368+00:00,10.0,0.0,4.63924,44.367,8.935,424.5807,8.4916,0.0,40.1384,51.4148,combined_t0831_t0856
2026-06-25T11:13:10.283991+00:00,10.0,0.0,4.63924,44.367,8.935,424.5807,8.4916,0.0,40.1384,51.4148,combined_t0831_t0856
2026-06-25T11:13:11.336859+00:00,10.0,0.0,4.63924,44.367,8.935,424.5807,8.4916,0.0,40.1384,51.4148,combined_t0831_t0856
2026-06-25T11:13:12.427487+00:00,10.0,0.0,4.63924,44.367,8.935,424.5807,8.4916,0.0,40.1384,51.4148,combined_t0831_t0856
2026-06-25T11:13:13.496775+00:00,10.0,0.0,4.63924,44.367,8.935,421.8885,8.4378,0.0,40.0987,51.4178,combined_t0831_t0856
2026-06-25T11:13:14.456342+00:00,10.0,0.0,4.63924,44.367,8.935,421.8885,8.4378,0.0,40.0987,51.4178,combined_t0831_t0856
2026-06-25T11:13:15.456703+00:00,10.0,0.0,4.63924,44.367,8.935,0.0,,,,,combined_t0831_t0856
2026-06-25T11:13:16.626909+00:00,10.0,0.0,4.63924,44.367,8.935,0.0,,,,,combined_t0831_t0856
2026-06-25T11:13:18.126633+00:00,10.0,0.0,4.63924,44.367,8.935,0.0,,,,,combined_t0831_t0856
2026-06-25T11:13:19.499682+00:00,10.0,0.0,4.63924,44.367,8.935,0.0,,,,,combined_t0831_t0856
2026-06-25T11:13:20.985988+00:00,10.0,0.0,4.63924,44.367,8.935,0.0,,,,,combined_t0831_t0856
2026-06-25T11:13:22.139617+00:00,10.0,0.0,4.63924,44.367,8.935,0.0,8.4883,0.0,40.2531,51.4145,combined_t0831_t0856
2026-06-25T11:13:23.292910+00:00,10.0,0.0,4.63924,44.367,8.935,424.4159,8.4883,0.0,40.2531,51.4145,combined_t0831_t0856
2026-06-25T11:13:24.178384+00:00,10.0,0.0,4.63924,44.367,8.935,424.4159,8.4883,0.0,40.2531,51.4145,combined_t0831_t0856
2026-06-25T11:13:25.220716+00:00,10.0,0.0,4.63924,44.367,8.935,0.0,8.4841,0.0,40.2458,51.4177,combined_t0831_t0856
2026-06-25T11:13:26.299657+00:00,10.0,0.0,4.63924,44.367,8.935,0.0,8.4841,0.0,40.2458,51.4177,combined_t0831_t0856
2026-06-25T11:13:27.315303+00:00,10.0,0.0,4.63924,44.367,8.935,0.0,8.4841,0.0,40.2458,51.4177,combined_t0831_t0856
2026-06-25T11:13:28.540581+00:00,10.0,0.0,4.63924,44.367,8.935,424.2063,8.4841,0.0,40.2458,51.4177,combined_t0831_t0856
2026-06-25T11:13:29.581411+00:00,10.0,0.0,4.63924,44.367,8.935,424.2063,8.4841,0.0,40.2458,51.4177,combined_t0831_t0856
2026-06-25T11:13:30.791975+00:00,10.0,0.0,4.63924,44.367,8.935,424.2063,8.4841,0.0,40.2458,51.4177,combined_t0831_t0856
2026-06-25T11:13:31.616056+00:00,10.0,0.0,4.63924,44.367,8.935,424.2063,8.4841,0.0,40.2458,51.4177,combined_t0831_t0856
2026-06-25T11:13:32.530729+00:00,10.0,0.0,4.63924,44.367,8.935,424.2063,8.4841,0.0,40.2458,51.4177,combined_t0831_t0856
2026-06-25T11:13:33.758603+00:00,10.0,0.0,4.63924,44.367,8.935,424.2063,8.4841,0.0,40.2458,51.4177,combined_t0831_t0856
2026-06-25T11:13:34.767933+00:00,10.0,0.0,4.63924,44.367,8.935,0.0,8.492,0.0,40.2528,51.4144,combined_t0831_t0856
2026-06-25T11:13:35.553349+00:00,10.0,0.0,4.63924,44.367,8.935,0.0,8.492,0.0,40.2528,51.4144,combined_t0831_t0856
2026-06-25T11:13:36.765138+00:00,10.0,0.0,4.63924,44.367,8.935,0.0,8.492,0.0,40.2528,51.4144,combined_t0831_t0856
2026-06-25T11:13:37.924824+00:00,10.0,0.0,4.63924,44.367,8.935,424.6013,8.492,0.0,40.2528,51.4144,combined_t0831_t0856
2026-06-25T11:13:39.067539+00:00,10.0,0.0,4.63924,44.367,8.935,424.6013,8.492,0.0,40.2528,51.4144,combined_t0831_t0856
2026-06-25T11:13:39.893487+00:00,10.0,0.0,4.63924,44.367,8.935,424.6013,8.492,0.0,40.2528,51.4144,combined_t0831_t0856
2026-06-25T11:13:41.158764+00:00,10.0,0.0,4.63924,44.367,8.935,424.6013,8.492,0.0,40.2528,51.4144,combined_t0831_t0856
2026-06-25T11:13:42.104794+00:00,10.0,0.0,4.63924,44.367,8.935,424.6013,8.492,0.0,40.2528,51.4144,combined_t0831_t0856
2026-06-25T11:13:43.181396+00:00,10.0,0.0,4.63924,44.367,8.935,0.0,8.5246,0.0,40.3024,51.4147,combined_t0831_t0856
2026-06-25T11:13:44.266704+00:00,10.0,0.0,4.63924,44.367,8.935,0.0,8.5246,0.0,40.3024,51.4147,combined_t0831_t0856
2026-06-25T11:13:45.300616+00:00,10.0,0.0,4.63924,44.367,8.935,0.0,8.5246,0.0,40.3024,51.4147,combined_t0831_t0856
2026-06-25T11:13:46.612764+00:00,10.0,0.0,4.63924,44.367,8.935,426.23,8.5246,0.0,40.3024,51.4147,combined_t0831_t0856
2026-06-25T11:13:47.784916+00:00,10.0,0.0,4.63924,44.367,8.935,426.23,8.5246,0.0,40.3024,51.4147,combined_t0831_t0856
2026-06-25T11:13:48.622306+00:00,10.0,0.0,4.63924,44.367,8.935,426.23,8.5246,0.0,40.3024,51.4147,combined_t0831_t0856
2026-06-25T11:13:49.705089+00:00,10.0,0.0,4.63924,44.367,8.935,426.23,8.5246,0.0,40.3024,51.4147,combined_t0831_t0856
2026-06-25T11:13:50.599505+00:00,10.0,0.0,4.63924,44.367,8.935,424.8714,8.4974,0.0,40.3516,51.418,combined_t0831_t0856
2026-06-25T11:13:51.835234+00:00,10.0,0.0,4.63924,44.367,8.935,424.8714,8.4974,0.0,40.3516,51.418,combined_t0831_t0856
2026-06-25T11:13:53.008802+00:00,10.0,0.0,4.63924,44.367,8.935,0.0,,,,,combined_t0831_t0856
2026-06-25T11:13:53.908406+00:00,10.0,0.0,4.63924,44.367,8.935,0.0,,,,,combined_t0831_t0856
2026-06-25T11:13:55.093747+00:00,10.0,0.0,4.63924,44.367,8.935,0.0,,,,,combined_t0831_t0856
2026-06-25T11:13:56.224929+00:00,10.0,0.0,4.63924,44.367,8.935,0.0,,,,,combined_t0831_t0856
2026-06-25T11:13:57.503747+00:00,10.0,0.0,4.63924,44.367,8.935,0.0,,,,,combined_t0831_t0856
2026-06-25T11:13:58.567549+00:00,10.0,0.0,4.63924,44.367,8.935,0.0,8.4719,0.0,40.0841,51.4147,combined_t0831_t0856
2026-06-25T11:13:59.648751+00:00,10.0,0.0,4.63924,44.367,8.935,423.5958,8.4719,0.0,40.0841,51.4147,combined_t0831_t0856
2026-06-25T11:14:00.559953+00:00,10.0,0.0,4.63924,44.367,8.935,423.5958,8.4719,0.0,40.0841,51.4147,combined_t0831_t0856
2026-06-25T11:14:01.704212+00:00,10.0,0.0,4.63924,44.367,8.935,423.5958,8.4719,0.0,40.0841,51.4147,combined_t0831_t0856
2026-06-25T11:14:02.813320+00:00,10.0,0.0,4.63924,44.367,8.935,423.5958,8.4719,0.0,40.0841,51.4147,combined_t0831_t0856
2026-06-25T11:14:03.711954+00:00,10.0,0.0,4.63924,44.367,8.935,423.5958,8.4719,0.0,40.0841,51.4147,combined_t0831_t0856
2026-06-25T11:14:04.790833+00:00,10.0,0.0,4.63924,44.367,8.935,423.5958,8.4719,0.0,40.0841,51.4147,combined_t0831_t0856
2026-06-25T11:14:05.740738+00:00,10.0,0.0,4.63924,44.367,8.935,0.0,8.4773,0.0,40.2189,51.4182,combined_t0831_t0856
2026-06-25T11:14:06.685036+00:00,10.0,0.0,4.63924,44.367,8.935,423.8642,8.4773,0.0,40.2189,51.4182,combined_t0831_t0856
2026-06-25T11:14:08.113201+00:00,10.0,0.0,4.63924,44.367,8.935,423.8642,8.4773,0.0,40.2189,51.4182,combined_t0831_t0856
2026-06-25T11:14:09.128207+00:00,10.0,0.0,4.63924,44.367,8.935,423.8642,8.4773,0.0,40.2189,51.4182,combined_t0831_t0856
2026-06-25T11:14:10.309815+00:00,10.0,0.0,4.63924,44.367,8.935,423.8642,8.4773,0.0,40.2189,51.4182,combined_t0831_t0856
2026-06-25T11:14:13.155136+00:00,10.0,0.0,4.63924,44.367,8.935,423.8642,8.4773,0.0,40.2189,51.4182,recovery
2026-06-25T11:14:14.025435+00:00,10.0,0.0,4.63924,44.367,8.935,0.0,8.441,0.0,40.2489,51.4146,recovery
2026-06-25T11:14:15.206637+00:00,10.0,0.0,4.63924,44.367,8.935,0.0,8.441,0.0,40.2489,51.4146,recovery
2026-06-25T11:14:16.488882+00:00,10.0,0.0,4.63924,44.367,8.935,0.0,8.441,0.0,40.2489,51.4146,recovery
2026-06-25T11:14:17.453884+00:00,10.0,0.0,4.63924,44.367,8.935,0.0,8.441,0.0,40.2489,51.4146,recovery
2026-06-25T11:14:18.446450+00:00,10.0,0.0,4.63924,44.367,8.935,0.0,8.441,0.0,40.2489,51.4146,recovery
2026-06-25T11:14:19.474442+00:00,10.0,0.0,4.63924,44.367,8.935,422.0505,8.441,0.0,40.2489,51.4146,recovery
2026-06-25T11:14:20.946863+00:00,10.0,0.0,4.63924,44.367,8.935,422.0505,8.441,0.0,40.2489,51.4146,recovery
2026-06-25T11:14:22.242668+00:00,10.0,0.0,4.63924,44.367,8.935,422.0505,8.441,0.0,40.2489,51.4146,recovery
2026-06-25T11:14:23.387825+00:00,10.0,0.0,4.63924,44.367,8.935,422.0505,8.441,0.0,40.2489,51.4146,recovery
2026-06-25T11:14:24.408916+00:00,10.0,0.0,4.63924,44.367,8.935,0.0,8.4685,0.0,40.365,51.4153,recovery
2026-06-25T11:14:25.261978+00:00,10.0,0.0,4.63924,44.367,8.935,423.4262,8.4685,0.0,40.365,51.4153,recovery
2026-06-25T11:14:26.555760+00:00,10.0,0.0,4.63924,44.367,8.935,423.4262,8.4685,0.0,40.365,51.4153,recovery
2026-06-25T11:14:27.768106+00:00,10.0,0.0,4.63924,44.367,8.935,423.4262,8.4685,0.0,40.365,51.4153,recovery
2026-06-25T11:14:29.196325+00:00,10.0,0.0,4.63924,44.367,8.935,423.4262,8.4685,0.0,40.365,51.4153,recovery
2026-06-25T11:14:30.474529+00:00,10.0,0.0,4.63924,44.367,8.935,0.0,8.4773,0.0,40.2189,51.4182,recovery
2026-06-25T11:14:31.833647+00:00,10.0,0.0,4.63924,44.367,8.935,0.0,8.4773,0.0,40.2189,51.4182,recovery
2026-06-25T11:14:33.032903+00:00,10.0,0.0,4.63924,44.367,8.935,423.8642,8.4773,0.0,40.2189,51.4182,recovery
2026-06-25T11:14:34.245128+00:00,10.0,0.0,4.63924,44.367,8.935,423.8642,8.4773,0.0,40.2189,51.4182,recovery
2026-06-25T11:14:35.609617+00:00,10.0,0.0,4.63924,44.367,8.935,423.8642,8.4773,0.0,40.2189,51.4182,recovery
2026-06-25T11:14:37.463836+00:00,10.0,0.0,4.63924,44.367,8.935,423.8642,8.4773,0.0,40.2189,51.4182,recovery
2026-06-25T11:14:47.110389+00:00,10.0,0.0,4.63924,44.367,8.935,0.0,8.4773,0.0,40.1728,51.4152,recovery
2026-06-25T11:14:48.401011+00:00,10.0,0.0,4.63924,44.367,8.935,0.0,8.4773,0.0,40.1728,51.4152,recovery
2026-06-25T11:14:48.987059+00:00,10.0,0.0,4.63924,44.367,8.935,0.0,8.4773,0.0,40.1728,51.4152,recovery
2026-06-25T11:14:50.940475+00:00,10.0,0.0,4.63924,44.367,8.935,423.864,8.4773,0.0,40.1728,51.4152,recovery
2026-06-25T11:14:51.804834+00:00,10.0,0.0,4.63924,44.367,8.935,423.864,8.4773,0.0,40.1728,51.4152,recovery
2026-06-25T11:14:52.783344+00:00,10.0,0.0,4.63924,44.367,8.935,423.864,8.4773,0.0,40.1728,51.4152,recovery
2026-06-25T11:14:53.860763+00:00,10.0,0.0,4.63924,44.367,8.935,423.864,8.4773,0.0,40.1728,51.4152,recovery
2026-06-25T11:14:55.031779+00:00,10.0,0.0,4.63924,44.367,8.935,423.864,8.4773,0.0,40.1728,51.4152,recovery
2026-06-25T11:14:56.775346+00:00,10.0,0.0,4.63924,44.367,8.935,423.864,8.4773,0.0,40.1728,51.4152,recovery
2026-06-25T11:14:58.200335+00:00,10.0,0.0,4.63924,44.367,8.935,423.864,8.4773,0.0,40.1728,51.4152,recovery
2026-06-25T11:14:59.216882+00:00,10.0,0.0,4.63924,44.367,8.935,423.864,8.4773,0.0,40.1728,51.4152,recovery
2026-06-25T11:15:00.464865+00:00,10.0,0.0,4.63924,44.367,8.935,423.864,8.4773,0.0,40.1728,51.4152,recovery
2026-06-25T11:15:02.003970+00:00,10.0,0.0,4.63924,44.367,8.935,0.0,8.5309,0.0,40.1785,51.415,recovery
2026-06-25T11:15:03.190426+00:00,10.0,0.0,4.63924,44.367,8.935,426.5475,8.5309,0.0,40.1785,51.415,recovery
2026-06-25T11:15:04.384808+00:00,10.0,0.0,4.63924,44.367,8.935,426.5475,8.5309,0.0,40.1785,51.415,recovery
2026-06-25T11:15:05.349396+00:00,10.0,0.0,4.63924,44.367,8.935,426.5475,8.5309,0.0,40.1785,51.415,recovery
2026-06-25T11:15:06.287790+00:00,10.0,0.0,4.63924,44.367,8.935,0.0,8.505,0.0,40.3551,51.4185,recovery
2026-06-25T11:15:07.306578+00:00,10.0,0.0,4.63924,44.367,8.935,0.0,8.505,0.0,40.3551,51.4185,recovery
2026-06-25T11:15:08.387317+00:00,10.0,0.0,4.63924,44.367,8.935,0.0,8.505,0.0,40.3551,51.4185,recovery
2026-06-25T11:15:09.165178+00:00,10.0,0.0,4.63924,44.367,8.935,425.2503,8.505,0.0,40.3551,51.4185,recovery
2026-06-25T11:15:10.297322+00:00,10.0,0.0,4.63924,44.367,8.935,425.2503,8.505,0.0,40.3551,51.4185,recovery
2026-06-25T11:15:11.253381+00:00,10.0,0.0,4.63924,44.367,8.935,0.0,,,,,recovery
2026-06-25T11:15:12.461901+00:00,10.0,0.0,4.63924,44.367,8.935,0.0,,,,,recovery
2026-06-25T11:15:13.479821+00:00,10.0,0.0,4.63924,44.367,8.935,0.0,,,,,recovery
2026-06-25T11:15:14.725361+00:00,10.0,0.0,4.63924,44.367,8.935,0.0,,,,,recovery
2026-06-25T11:15:15.995712+00:00,10.0,0.0,4.63924,44.367,8.935,0.0,,,,,recovery
2026-06-25T11:15:17.224319+00:00,10.0,0.0,4.63924,44.367,8.935,0.0,,,,,recovery
2026-06-25T11:15:18.829275+00:00,10.0,0.0,4.63924,44.367,8.935,423.4941,8.4699,0.0,40.2061,51.4151,recovery
2026-06-25T11:15:20.023300+00:00,10.0,0.0,4.63924,44.367,8.935,423.4941,8.4699,0.0,40.2061,51.4151,recovery
2026-06-25T11:15:21.040285+00:00,10.0,0.0,4.63924,44.367,8.935,423.4941,8.4699,0.0,40.2061,51.4151,recovery
2026-06-25T11:15:21.742036+00:00,10.0,0.0,4.63924,44.367,8.935,423.4941,8.4699,0.0,40.2061,51.4151,recovery
2026-06-25T11:15:23.025022+00:00,10.0,0.0,4.63924,44.367,8.935,423.4941,8.4699,0.0,40.2061,51.4151,recovery
2026-06-25T11:15:24.042055+00:00,10.0,0.0,4.63924,44.367,8.935,424.9293,8.4986,0.0,40.2032,51.4184,recovery
2026-06-25T11:15:24.980808+00:00,10.0,0.0,4.63924,44.367,8.935,424.9293,8.4986,0.0,40.2032,51.4184,recovery
2026-06-25T11:15:25.695934+00:00,10.0,0.0,4.63924,44.367,8.935,424.9293,8.4986,0.0,40.2032,51.4184,recovery
2026-06-25T11:15:27.255236+00:00,10.0,0.0,4.63924,44.367,8.935,424.9293,8.4986,0.0,40.2032,51.4184,recovery
2026-06-25T11:15:28.429896+00:00,10.0,0.0,4.63924,44.367,8.935,424.9293,8.4986,0.0,40.2032,51.4184,recovery
2026-06-25T11:15:29.488259+00:00,10.0,0.0,4.63924,44.367,8.935,424.9293,8.4986,0.0,40.2032,51.4184,recovery
2026-06-25T11:15:30.670244+00:00,10.0,0.0,4.63924,44.367,8.935,424.9293,8.4986,0.0,40.2032,51.4184,recovery
2026-06-25T11:15:31.265598+00:00,10.0,0.0,4.63924,44.367,8.935,424.9293,8.4986,0.0,40.2032,51.4184,recovery
2026-06-25T11:15:32.438189+00:00,10.0,0.0,4.63924,44.367,8.935,0.0,8.4752,0.0,40.1792,51.415,recovery
2026-06-25T11:15:33.434960+00:00,10.0,0.0,4.63924,44.367,8.935,423.7576,8.4752,0.0,40.1792,51.415,recovery
2026-06-25T11:15:34.680131+00:00,10.0,0.0,4.63924,44.367,8.935,423.7576,8.4752,0.0,40.1792,51.415,recovery
2026-06-25T11:15:35.715265+00:00,10.0,0.0,4.63924,44.367,8.935,423.7576,8.4752,0.0,40.1792,51.415,recovery
2026-06-25T11:15:36.764449+00:00,10.0,0.0,4.63924,44.367,8.935,0.0,8.5004,0.0,40.2006,51.4152,recovery
2026-06-25T11:15:37.703041+00:00,10.0,0.0,4.63924,44.367,8.935,425.0178,8.5004,0.0,40.2006,51.4152,recovery
2026-06-25T11:15:38.842981+00:00,10.0,0.0,4.63924,44.367,8.935,425.0178,8.5004,0.0,40.2006,51.4152,recovery
2026-06-25T11:15:39.670988+00:00,10.0,0.0,4.63924,44.367,8.935,425.0178,8.5004,0.0,40.2006,51.4152,recovery
2026-06-25T11:15:41.112060+00:00,10.0,0.0,4.63924,44.367,8.935,425.0178,8.5004,0.0,40.2006,51.4152,recovery
2026-06-25T11:15:42.176472+00:00,10.0,0.0,4.63924,44.367,8.935,425.0178,8.5004,0.0,40.2006,51.4152,recovery
2026-06-25T11:15:43.490178+00:00,10.0,0.0,4.63924,44.367,8.935,425.0178,8.5004,0.0,40.2006,51.4152,recovery
2026-06-25T11:15:44.309344+00:00,10.0,0.0,4.63924,44.367,8.935,425.0178,8.5004,0.0,40.2006,51.4152,recovery
2026-06-25T11:15:45.245978+00:00,10.0,0.0,4.63924,44.367,8.935,0.0,8.5225,0.0,40.2966,51.4187,recovery
2026-06-25T11:15:46.624271+00:00,10.0,0.0,4.63924,44.367,8.935,426.1248,8.5225,0.0,40.2966,51.4187,recovery
2026-06-25T11:15:47.533119+00:00,10.0,0.0,4.63924,44.367,8.935,426.1248,8.5225,0.0,40.2966,51.4187,recovery
2026-06-25T11:15:48.660061+00:00,10.0,0.0,4.63924,44.367,8.935,0.0,8.4922,0.0,40.1929,51.4151,recovery
2026-06-25T11:15:49.611436+00:00,10.0,0.0,4.63924,44.367,8.935,0.0,8.4922,0.0,40.1929,51.4151,recovery
2026-06-25T11:15:50.554194+00:00,10.0,0.0,4.63924,44.367,8.935,0.0,8.4922,0.0,40.1929,51.4151,recovery
2026-06-25T11:15:51.800401+00:00,10.0,0.0,4.63924,44.367,8.935,0.0,8.4922,0.0,40.1929,51.4151,recovery
2026-06-25T11:15:52.877394+00:00,10.0,0.0,4.63924,44.367,8.935,0.0,8.4922,0.0,40.1929,51.4151,recovery
2026-06-25T11:15:53.835613+00:00,10.0,0.0,4.63924,44.367,8.935,0.0,8.4922,0.0,40.1929,51.4151,recovery
2026-06-25T11:15:54.737519+00:00,10.0,0.0,4.63924,44.367,8.935,424.608,8.4922,0.0,40.1929,51.4151,recovery
2026-06-25T11:15:55.868124+00:00,10.0,0.0,4.63924,44.367,8.935,0.0,8.4826,0.0,40.1844,51.415,recovery
2026-06-25T11:15:57.095539+00:00,10.0,0.0,4.63924,44.367,8.935,0.0,8.4826,0.0,40.1844,51.415,recovery
2026-06-25T11:15:58.029293+00:00,10.0,0.0,4.63924,44.367,8.935,0.0,8.4826,0.0,40.1844,51.415,recovery
2026-06-25T11:15:58.983860+00:00,10.0,0.0,4.63924,44.367,8.935,424.1317,8.4826,0.0,40.1844,51.415,recovery
2026-06-25T11:16:00.061939+00:00,10.0,0.0,4.63924,44.367,8.935,424.1317,8.4826,0.0,40.1844,51.415,recovery
2026-06-25T11:16:01.063402+00:00,10.0,0.0,4.63924,44.367,8.935,424.1317,8.4826,0.0,40.1844,51.415,recovery
2026-06-25T11:16:02.703993+00:00,10.0,0.0,4.63924,44.367,8.935,426.6205,8.5324,0.0,40.1709,51.419,recovery
2026-06-25T11:16:03.984822+00:00,10.0,0.0,4.63924,44.367,8.935,426.6205,8.5324,0.0,40.1709,51.419,recovery
2026-06-25T11:16:05.179078+00:00,10.0,0.0,4.63924,44.367,8.935,426.6205,8.5324,0.0,40.1709,51.419,recovery
2026-06-25T11:16:05.973817+00:00,10.0,0.0,4.63924,44.367,8.935,426.6205,8.5324,0.0,40.1709,51.419,recovery
2026-06-25T11:16:07.587258+00:00,10.0,0.0,4.63924,44.367,8.935,426.6205,8.5324,0.0,40.1709,51.419,recovery
2026-06-25T11:16:08.703362+00:00,10.0,0.0,4.63924,44.367,8.935,426.6205,8.5324,0.0,40.1709,51.419,recovery
2026-06-25T11:16:09.902733+00:00,10.0,0.0,4.63924,44.367,8.935,426.6205,8.5324,0.0,40.1709,51.419,recovery
2026-06-25T11:16:10.798638+00:00,10.0,0.0,4.63924,44.367,8.935,426.6205,8.5324,0.0,40.1709,51.419,recovery
2026-06-25T11:16:11.851589+00:00,10.0,0.0,4.63924,44.367,8.935,426.6205,8.5324,0.0,40.1709,51.419,recovery
